{"518 Ipswich Rd, Annerley, Australia": [-27.5116885, 153.0320563], "8 Butler Blvd, Butler, Australia": [-31.6385822, 115.6957945], "Dianella Plaza, 366 Grand Prom, Dianella, Australia": [-31.8958573, 115.8718919], "Stockland Riverton, Corner of High Road and Willeri Drive, Riverton, Australia": [null, null], "10 Orchard Ave, Armadale, Australia": [-32.1500693, 116.0145823], "Ground Floor, 20-21 Bankstown City Plaza, Bankstown, Australia": [-33.9174451, 151.033495], "8 Community Road, Bateau bay, Australia": [-33.3720093, 151.4738367], "107-109 Main St, Blacktown, Australia": [-33.7726578, 150.9131994], "253 Main Road, Blackwood, Australia": [-35.0190267, 138.6161227], "Shop 2, The Market Place\r\n1 Banyette Street, Bowral, Australia": [null, null], "53 Kremzow Road, Brendale, Australia": [-27.3182861, 152.9925633], "465-475 Brighton Road, Brighton, Australia": [-35.0210034, 138.5233176], "478 Sydney Road, Brunswick, Australia": [-37.7667461, 144.962334], "Shop 3, 28 Minchinton Street, Caloundra, Australia": [-26.8042683, 153.1323059], "449 Port Road, Croydon, Australia": [-34.8981462, 138.5628021], "1296 Albany Hwy, Cannington, Australia": [-32.0145843, 115.9300245], "755 Gympie Road, Chermside, Australia": [-27.3889791, 153.0317501], "19-23 Beach Rd, Christies Beach, Australia": [-35.1393571, 138.4735732], "Shop 4a/35 Ocean Keys Boulevard, Clarkson, Australia": [-31.6906707, 115.7380776], "Shop 1, 133 Queen Street, Cleveland, Australia": [-27.5286155, 153.2786863], "119\u2013123 Lonsdale Street, Dandenong, Australia": [-37.9941549, 145.2155298], "683 Pittwater Road, Dee Why, Australia": [-33.7537144, 151.2852738], "911 Albany Highway, East Victoria Park, Australia": [-31.9874673, 115.9047551], "111 Great North Road, Five Dock, Australia": [-33.8735129, 151.1272738], "20 Streletzia Ave - Hawaiian's Forrestfield Shopping Centre, Forrestfield, Australia": [-31.954628, 115.9921995], "7b Station Street, Frankston, Australia": [-38.1430002, 145.1247119], "Shop 1-2, 367-369 Brighton Road, Hove, Australia": [-35.0085956, 138.5222318], "Shop 1, 1469 Anzac Highway, Kallangur, Australia": [null, null], "201 Stafford Road, Kedron, Australia": [-27.4110025, 153.0233293], "322-324 Grange Road, Kidman Park, Australia": [-34.9061879, 138.5191952], "380 Victoria Road, Malaga, rear warehouse, Malaga, Australia": [null, null], "181 Glenferrie Road, Malvern, Australia": [-37.8600189, 145.0285193], "31 Beaconsfield Street, Corner of Beaconsfield St & Oxley Avenue, Margate, Australia": [null, null], "252 Marrickville Rd, Marrickville, Australia": [-33.9135282, 151.1621721], "28 Rudloc Road, Morley, Australia": [-31.8994553, 115.8995105], "600 Stirling Highway, Mosman Park, Australia": [-32.0211179, 115.7536264], "19-21 Green Street, Mount Hawthorn, Australia": [-31.9142856, 115.8296466], "Unit 9, 67 McCoy Street, Myaree, Australia": [-32.043508, 115.8190318], "292 High Street, Northcote, Australia": [-37.7685694, 144.9993547], "63 The Parade, Norwood, Australia": [-34.9209172, 138.6408544], "1221 Sandgate Road, Nundah, Australia": [-27.4093546, 153.0594148], "362 South Street, O'Connor, Australia": [-32.0626391, 115.7875288], "Shop 1, Parabanks Shoppng Centre, 68 - 84 John St, Salisbury, Australia": [null, null], "82 Station Street, Penrith, Australia": [-33.755484, 150.6932169], "269 Main North Road, Sefton Park, Australia": [-34.8762018, 138.6022049], "Shop 4A\r\n452 Princes Highway, Rockdale, Australia": [-33.9542619, 151.1403655], "Shop G065 Rockingham Centre,\r\nRead Street, Rockingham, Australia": [-32.288727, 115.7402224], "166 Scarborough Beach Road, Scarborough, Australia": [-31.8943076, 115.7575604], "Shop 1, 269 Main North Road, Corner of Regency Road, Sefton Park, Australia": [null, null], "Shop 1 Parabanks Shopping Centre\r\n68-84 John Street, Salisbury, Australia": [-34.7684459, 138.6117546], "272 South Terrace, South Fremantle, Australia": [-32.0690169, 115.752637], "714 Ranford Road, Southern River, Australia": [-32.1060285, 115.9382809], "172 Smart Road, St Agnes, Australia": [-34.8321066, 138.7121876], "445 Magill Road, St Morris, Australia": [-34.9143121, 138.6502859], "360 Logan Road, Greenslopes, Australia": [-27.5069821, 153.0502571], "8 Rankine Street, Strathalbyn, Australia": [-35.2591258, 138.892355], "492 Ruthven St, Toowoomba, Australia": [-27.5414255, 151.9539225], "49A The Boulevarde, Toronto, Australia": [-33.0136152, 151.5956053], "79 Wanneroo Road, Tuart Hill, Australia": [-31.9018956, 115.8426669], "33 Ocean Street, Victor Harbour, Australia": [-35.5545273, 138.6240973], "Shop 01, Building L Victoria Point Lakeside,\r\n11-27 Bunker Road, Victoria Point, Australia": [null, null], "11 Rob Place, Vineyard, Australia": [-33.6311755, 150.8418228], "2F Ryedale Road, West Ryde, Australia": [-33.8071514, 151.0908814], "Unit 4/113 High Rd, Willetton, Australia": [-32.0524594, 115.8878267], "18 High Street, Willunga, Australia": [-35.2726753, 138.5553945], "59-61 Chapel Street, Windsor, Australia": [-37.8552953, 144.9925094], "283-285 Keira Street, Wollongong, Australia": [-34.4373261, 150.8915167], "Shop 6, 217 Pimpala Road, Woodcroft, Australia": [-35.1031296, 138.5551764], "99 Bay Terrace, Wynnum, Australia": [-27.44398, 153.1735226]}